uid,namedLocation,domainID,siteID,plotID,plotType,pointID,startDate,eventID,pointCountMinute,targetTaxaPresent,taxonID,scientificName,taxonRank,vernacularName,observerDistance,detectionMethod,visualConfirmation,sexOrAge,clusterSize,clusterCode,identifiedBy
"b0c59988-5a59-49c6-b29d-f485230b4177","SCBI_006.basePlot.brd","D02","SCBI","SCBI_006","distributed","21","2020-06-01T10:28Z","SCBI_006.21.2020-06-01",5,"Y","INBU","Passerina cyanea","species","Indigo Bunting",73,"singing","No","Unknown",1,,"DBOLT"
"96b8df91-3e3c-4013-9121-9b2dad3ed639","SCBI_006.basePlot.brd","D02","SCBI","SCBI_006","distributed","21","2020-06-01T10:28Z","SCBI_006.21.2020-06-01",1,"Y","CARW","Thryothorus ludovicianus","species","Carolina Wren",51,"singing","No","Unknown",1,,"DBOLT"
"4c4c4917-a4ae-4e75-95c9-cc9e81a5efd3","SCBI_006.basePlot.brd","D02","SCBI","SCBI_006","distributed","21","2020-06-01T10:28Z","SCBI_006.21.2020-06-01",3,"Y","INBU","Passerina cyanea","species","Indigo Bunting",56,"singing","No","Unknown",1,,"DBOLT"
"661a4c73-2077-45b6-be50-3126e655aa17","SCBI_006.basePlot.brd","D02","SCBI","SCBI_006","distributed","21","2020-06-01T10:28Z","SCBI_006.21.2020-06-01",88,"Y","GBHE","Ardea herodias","species","Great Blue Heron",,"flyover","Yes","Unknown",2,,"DBOLT"
"5723e452-1623-43af-a19f-60672678eb82","SCBI_006.basePlot.brd","D02","SCBI","SCBI_006","distributed","21","2020-06-01T10:28Z","SCBI_006.21.2020-06-01",1,"Y","EAWP","Contopus virens","species","Eastern Wood-Pewee",96,"singing","No","Unknown",1,,"DBOLT"
"3974e1ec-6f4b-4521-8a39-d4d7e4ea374a","SCBI_006.basePlot.brd","D02","SCBI","SCBI_006","distributed","21","2020-06-01T10:28Z","SCBI_006.21.2020-06-01",2,"Y","BAOR","Icterus galbula","species","Baltimore Oriole",48,"singing","No","Unknown",1,,"DBOLT"
"cf484043-9acd-4b2b-9157-5f10bf4d7e1f","SCBI_006.basePlot.brd","D02","SCBI","SCBI_006","distributed","21","2020-06-01T10:28Z","SCBI_006.21.2020-06-01",88,"Y","NOFL","Colaptes auratus","species","Northern Flicker",,"flyover","No","Unknown",1,,"DBOLT"
"91b38e83-ef4f-4e05-961c-7b2a67864d85","SCBI_006.basePlot.brd","D02","SCBI","SCBI_006","distributed","21","2020-06-01T10:28Z","SCBI_006.21.2020-06-01",2,"Y","FISP","Spizella pusilla","species","Field Sparrow",51,"flyover","Yes","Unknown",1,,"DBOLT"
"c19b40ab-3b78-4f7b-88f6-9a9c53fc4f69","SCBI_006.basePlot.brd","D02","SCBI","SCBI_006","distributed","21","2020-06-01T10:28Z","SCBI_006.21.2020-06-01",1,"Y","WOTH","Hylocichla mustelina","species","Wood Thrush",221,"singing","No","Unknown",1,,"DBOLT"
"409a18c4-e428-4e31-a326-d3a91bd7b963","SCBI_006.basePlot.brd","D02","SCBI","SCBI_006","distributed","21","2020-06-01T10:28Z","SCBI_006.21.2020-06-01",6,"N",,,,,,,,,,,"DBOLT"
"951b472d-ef2a-4ef3-8228-a47a4647f66f","SCBI_006.basePlot.brd","D02","SCBI","SCBI_006","distributed","21","2020-06-01T10:28Z","SCBI_006.21.2020-06-01",4,"Y","BAOR","Icterus galbula","species","Baltimore Oriole",84,"singing","No","Unknown",1,,"DBOLT"
"7020e12b-7eb5-447a-8ded-7b7000e22aea","SCBI_006.basePlot.brd","D02","SCBI","SCBI_006","distributed","21","2020-06-01T10:28Z","SCBI_006.21.2020-06-01",1,"Y","NOCA","Cardinalis cardinalis","species","Northern Cardinal",63,"visual","Yes","Female",1,,"DBOLT"
"a6bb7641-eb4b-40a1-8c51-b27dedaa1eb1","SCBI_006.basePlot.brd","D02","SCBI","SCBI_006","distributed","21","2020-06-01T10:28Z","SCBI_006.21.2020-06-01",3,"Y","REVI","Vireo olivaceus","species","Red-eyed Vireo",69,"singing","No","Unknown",1,,"DBOLT"
"501fd22f-db53-4f41-bc08-6cb0e98479f8","SCBI_006.basePlot.brd","D02","SCBI","SCBI_006","distributed","21","2020-06-01T10:28Z","SCBI_006.21.2020-06-01",1,"Y","BHCO","Molothrus ater","species","Brown-headed Cowbird",42,"singing","No","Unknown",1,,"DBOLT"
"c5b6480a-92af-41e7-8133-cbc4f6a980e9","SCBI_004.basePlot.brd","D02","SCBI","SCBI_004","distributed","21","2020-06-01T10:52Z","SCBI_004.21.2020-06-01",1,"Y","NOCA","Cardinalis cardinalis","species","Northern Cardinal",20,"visual","Yes","Female",1,,"DBOLT"
"95d016de-97b4-4b96-b318-e15d95599038","SCBI_004.basePlot.brd","D02","SCBI","SCBI_004","distributed","21","2020-06-01T10:52Z","SCBI_004.21.2020-06-01",5,"Y","REVI","Vireo olivaceus","species","Red-eyed Vireo",87,"singing","No","Unknown",1,,"DBOLT"
"b2b9e7f4-e456-4267-80b0-4fecf24f270c","SCBI_004.basePlot.brd","D02","SCBI","SCBI_004","distributed","21","2020-06-01T10:52Z","SCBI_004.21.2020-06-01",2,"Y","WOTH","Hylocichla mustelina","species","Wood Thrush",48,"singing","No","Unknown",1,,"DBOLT"
"3bbdbfab-5355-4582-b768-21a221baeec3","SCBI_004.basePlot.brd","D02","SCBI","SCBI_004","distributed","21","2020-06-01T10:52Z","SCBI_004.21.2020-06-01",2,"Y","CARW","Thryothorus ludovicianus","species","Carolina Wren",38,"singing","No","Unknown",1,,"DBOLT"
"002834c3-b2bd-407c-a730-919da1104381","SCBI_004.basePlot.brd","D02","SCBI","SCBI_004","distributed","21","2020-06-01T10:52Z","SCBI_004.21.2020-06-01",1,"Y","RTHA","Buteo jamaicensis","species","Red-tailed Hawk",53,"calling","Yes","Unknown",2,,"DBOLT"
"5ad740de-e543-4c3a-af46-56aa3a011dfa","SCBI_004.basePlot.brd","D02","SCBI","SCBI_004","distributed","21","2020-06-01T10:52Z","SCBI_004.21.2020-06-01",5,"Y","DOWO","Picoides pubescens","species","Downy Woodpecker",53,"singing","No","Unknown",1,,"DBOLT"
"9d8e4eed-c370-489f-833c-35895657e983","SCBI_004.basePlot.brd","D02","SCBI","SCBI_004","distributed","21","2020-06-01T10:52Z","SCBI_004.21.2020-06-01",5,"Y","EAWP","Contopus virens","species","Eastern Wood-Pewee",71,"singing","No","Unknown",1,,"DBOLT"
"328931ee-6956-4608-8d52-04de2eadaf00","SCBI_004.basePlot.brd","D02","SCBI","SCBI_004","distributed","21","2020-06-01T10:52Z","SCBI_004.21.2020-06-01",6,"Y","YTVI","Vireo flavifrons","species","Yellow-throated Vireo",52,"singing","No","Unknown",1,,"DBOLT"
"2542679c-09f5-41f3-be40-5a7b62c332f3","SCBI_004.basePlot.brd","D02","SCBI","SCBI_004","distributed","21","2020-06-01T10:52Z","SCBI_004.21.2020-06-01",4,"Y","AMCR","Corvus brachyrhynchos","species","American Crow",210,"calling","No","Unknown",1,,"DBOLT"
"e259d0a5-4d2e-4f49-ac97-2a696daee5ff","SCBI_004.basePlot.brd","D02","SCBI","SCBI_004","distributed","21","2020-06-01T10:52Z","SCBI_004.21.2020-06-01",1,"Y","WOTH","Hylocichla mustelina","species","Wood Thrush",64,"singing","No","Unknown",1,,"DBOLT"
"b61d4e3f-6a53-43e6-845d-0e5b6a0db7d1","SCBI_004.basePlot.brd","D02","SCBI","SCBI_004","distributed","21","2020-06-01T10:52Z","SCBI_004.21.2020-06-01",2,"Y","NOCA","Cardinalis cardinalis","species","Northern Cardinal",40,"singing","No","Unknown",1,,"DBOLT"
"9c2d6053-d12a-4168-b875-17303f06e2b4","SCBI_004.basePlot.brd","D02","SCBI","SCBI_004","distributed","21","2020-06-01T10:52Z","SCBI_004.21.2020-06-01",3,"Y","RBWO","Melanerpes carolinus","species","Red-bellied Woodpecker",77,"singing","No","Unknown",1,,"DBOLT"
"718b3c98-adf8-4760-a499-1182335664e4","SCBI_004.basePlot.brd","D02","SCBI","SCBI_004","distributed","21","2020-06-01T10:52Z","SCBI_004.21.2020-06-01",4,"Y","REVI","Vireo olivaceus","species","Red-eyed Vireo",40,"singing","No","Unknown",1,,"DBOLT"
"5779c83e-00c9-43e7-9ebd-9f2834b63a82","SCBI_003.basePlot.brd","D02","SCBI","SCBI_003","distributed","21","2020-06-01T11:35Z","SCBI_003.21.2020-06-01",1,"Y","ACFL","Empidonax virescens","species","Acadian Flycatcher",81,"singing","No","Unknown",1,,"DBOLT"
"4c8084bb-d3ea-4d0c-b498-2b6cfa3c5c13","SCBI_003.basePlot.brd","D02","SCBI","SCBI_003","distributed","21","2020-06-01T11:35Z","SCBI_003.21.2020-06-01",5,"Y","RBWO","Melanerpes carolinus","species","Red-bellied Woodpecker",125,"calling","No","Unknown",1,,"DBOLT"
"36a9953b-ddf9-4b1b-9396-0e5da0d5b9d7","SCBI_003.basePlot.brd","D02","SCBI","SCBI_003","distributed","21","2020-06-01T11:35Z","SCBI_003.21.2020-06-01",2,"Y","CARW","Thryothorus ludovicianus","species","Carolina Wren",76,"singing","No","Unknown",1,,"DBOLT"
"f6881792-4f9b-4353-b1fc-464bfa000924","SCBI_003.basePlot.brd","D02","SCBI","SCBI_003","distributed","21","2020-06-01T11:35Z","SCBI_003.21.2020-06-01",3,"Y","NOCA","Cardinalis cardinalis","species","Northern Cardinal",65,"singing","No","Unknown",1,,"DBOLT"
"40f6c331-b158-4e62-9b68-452a60a8a223","SCBI_003.basePlot.brd","D02","SCBI","SCBI_003","distributed","21","2020-06-01T11:35Z","SCBI_003.21.2020-06-01",4,"Y","EAWP","Contopus virens","species","Eastern Wood-Pewee",87,"singing","No","Unknown",1,,"DBOLT"
"1a8c9ef8-9fc5-48a8-9b7e-0d41d88d95fb","SCBI_003.basePlot.brd","D02","SCBI","SCBI_003","distributed","21","2020-06-01T11:35Z","SCBI_003.21.2020-06-01",6,"N",,,,,,,,,,,"DBOLT"
"2ff99538-c770-4b66-9522-005e75443dc2","SCBI_003.basePlot.brd","D02","SCBI","SCBI_003","distributed","21","2020-06-01T11:35Z","SCBI_003.21.2020-06-01",4,"Y","TUTI","Baeolophus bicolor","species","Tufted Titmouse",50,"singing","No","Unknown",1,,"DBOLT"
"5cd96396-d369-4ff0-bc53-d5f6fb994ef4","SCBI_003.basePlot.brd","D02","SCBI","SCBI_003","distributed","21","2020-06-01T11:35Z","SCBI_003.21.2020-06-01",1,"Y","CARW","Thryothorus ludovicianus","species","Carolina Wren",56,"singing","No","Unknown",1,,"DBOLT"
"653acf0f-54fe-42f6-b195-126db1c5da7b","SCBI_003.basePlot.brd","D02","SCBI","SCBI_003","distributed","21","2020-06-01T11:35Z","SCBI_003.21.2020-06-01",88,"Y","OVEN","Seiurus aurocapilla","species","Ovenbird",,"singing","No","Unknown",1,,"DBOLT"
"8ac92cf0-e273-497e-92b1-d2168aca0075","SCBI_003.basePlot.brd","D02","SCBI","SCBI_003","distributed","21","2020-06-01T11:35Z","SCBI_003.21.2020-06-01",1,"Y","REVI","Vireo olivaceus","species","Red-eyed Vireo",49,"singing","No","Unknown",1,,"DBOLT"
"38eaedb1-ab08-42d3-bae6-6c275102d2a2","SCBI_003.basePlot.brd","D02","SCBI","SCBI_003","distributed","21","2020-06-01T11:35Z","SCBI_003.21.2020-06-01",1,"Y","REVI","Vireo olivaceus","species","Red-eyed Vireo",36,"singing","No","Unknown",1,,"DBOLT"
"30f33c6d-9da6-4385-80b8-20231d772f33","SCBI_010.basePlot.brd","D02","SCBI","SCBI_010","distributed","21","2020-06-01T12:07Z","SCBI_010.21.2020-06-01",2,"Y","RBWO","Melanerpes carolinus","species","Red-bellied Woodpecker",42,"calling","No","Unknown",1,,"DBOLT"
"ff448b5d-fdca-47cd-8eac-a94806ff96be","SCBI_010.basePlot.brd","D02","SCBI","SCBI_010","distributed","21","2020-06-01T12:07Z","SCBI_010.21.2020-06-01",3,"Y","WOTH","Hylocichla mustelina","species","Wood Thrush",27,"visual","Yes","Unknown",2,,"DBOLT"
"cb7f72f5-e538-4183-a65e-37adb974d5d5","SCBI_010.basePlot.brd","D02","SCBI","SCBI_010","distributed","21","2020-06-01T12:07Z","SCBI_010.21.2020-06-01",1,"Y","CACH","Poecile carolinensis","species","Carolina Chickadee",16,"visual","Yes","Unknown",1,,"DBOLT"
"adc641a1-b8c4-40a4-b75b-e03fc3332795","SCBI_010.basePlot.brd","D02","SCBI","SCBI_010","distributed","21","2020-06-01T12:07Z","SCBI_010.21.2020-06-01",2,"Y","CACH","Poecile carolinensis","species","Carolina Chickadee",12,"calling","Yes","Unknown",1,,"DBOLT"
"f42e6f49-e2c9-4642-8d74-5ae38223cac4","SCBI_010.basePlot.brd","D02","SCBI","SCBI_010","distributed","21","2020-06-01T12:07Z","SCBI_010.21.2020-06-01",5,"N",,,,,,,,,,,"DBOLT"
"de5aed35-b0f3-4253-8d44-6e956967be31","SCBI_010.basePlot.brd","D02","SCBI","SCBI_010","distributed","21","2020-06-01T12:07Z","SCBI_010.21.2020-06-01",4,"N",,,,,,,,,,,"DBOLT"
"c140fbf7-7e99-40bc-b28e-24932655f499","SCBI_010.basePlot.brd","D02","SCBI","SCBI_010","distributed","21","2020-06-01T12:07Z","SCBI_010.21.2020-06-01",6,"Y","CACH","Poecile carolinensis","species","Carolina Chickadee",12,"calling","Yes","Unknown",1,,"DBOLT"
"75298b27-8818-4f7f-9cad-45d213be05a1","SCBI_010.basePlot.brd","D02","SCBI","SCBI_010","distributed","21","2020-06-01T12:07Z","SCBI_010.21.2020-06-01",1,"Y","ACFL","Empidonax virescens","species","Acadian Flycatcher",69,"singing","No","Unknown",1,,"DBOLT"
"769fb248-a983-4b79-8e8f-82e02545f341","SCBI_010.basePlot.brd","D02","SCBI","SCBI_010","distributed","21","2020-06-01T12:07Z","SCBI_010.21.2020-06-01",88,"Y","HOWA","Setophaga citrina","species","Hooded Warbler",,"singing","No","Unknown",1,,"DBOLT"
"9fc384b5-4ffd-4742-bfb3-264f09f06aa1","SCBI_010.basePlot.brd","D02","SCBI","SCBI_010","distributed","21","2020-06-01T12:07Z","SCBI_010.21.2020-06-01",3,"Y","REVI","Vireo olivaceus","species","Red-eyed Vireo",25,"singing","No","Unknown",1,,"DBOLT"
"483cc21c-fb2c-46c0-8cb5-69d04de8b45a","SCBI_010.basePlot.brd","D02","SCBI","SCBI_010","distributed","21","2020-06-01T12:07Z","SCBI_010.21.2020-06-01",3,"Y","CARW","Thryothorus ludovicianus","species","Carolina Wren",48,"singing","No","Unknown",1,,"DBOLT"
"d8cf8c48-88ff-4ff3-9de1-b2daebee054a","SCBI_010.basePlot.brd","D02","SCBI","SCBI_010","distributed","21","2020-06-01T12:07Z","SCBI_010.21.2020-06-01",1,"Y","TUTI","Baeolophus bicolor","species","Tufted Titmouse",35,"calling","No","Unknown",1,,"DBOLT"
"fb5f4ed6-8c6e-4375-88be-f3b99313fd83","SCBI_010.basePlot.brd","D02","SCBI","SCBI_010","distributed","21","2020-06-01T12:07Z","SCBI_010.21.2020-06-01",2,"Y","WOTH","Hylocichla mustelina","species","Wood Thrush",48,"singing","No","Unknown",1,,"DBOLT"
"36a4d914-c2dc-4fa3-afd3-e9d8404a8ae8","SCBI_022.basePlot.brd","D02","SCBI","SCBI_022","distributed","21","2020-06-01T12:44Z","SCBI_022.21.2020-06-01",2,"N",,,,,,,,,,,"DBOLT"
"154d8389-d8ce-4e6b-9c1a-3664a641ce11","SCBI_022.basePlot.brd","D02","SCBI","SCBI_022","distributed","21","2020-06-01T12:44Z","SCBI_022.21.2020-06-01",5,"Y","WEWA","Helmitheros vermivorum","species","Worm-eating Warbler",28,"calling","No","Unknown",1,,"DBOLT"
"3b9c5d9e-70f5-4fcf-87cd-4f44e48c27c8","SCBI_022.basePlot.brd","D02","SCBI","SCBI_022","distributed","21","2020-06-01T12:44Z","SCBI_022.21.2020-06-01",1,"Y","TUTI","Baeolophus bicolor","species","Tufted Titmouse",41,"calling","No","Unknown",1,,"DBOLT"
"8bff1ff7-1065-406d-be5f-e34e25f1299d","SCBI_022.basePlot.brd","D02","SCBI","SCBI_022","distributed","21","2020-06-01T12:44Z","SCBI_022.21.2020-06-01",1,"Y","ACFL","Empidonax virescens","species","Acadian Flycatcher",29,"singing","No","Unknown",1,,"DBOLT"
"be27b8b3-a40b-4f9e-9f74-ca4c3de2c131","SCBI_022.basePlot.brd","D02","SCBI","SCBI_022","distributed","21","2020-06-01T12:44Z","SCBI_022.21.2020-06-01",5,"Y","CARW","Thryothorus ludovicianus","species","Carolina Wren",52,"singing","No","Unknown",1,,"DBOLT"
"ccf7d8eb-2069-4e17-aea2-c6d16ab2ac6f","SCBI_022.basePlot.brd","D02","SCBI","SCBI_022","distributed","21","2020-06-01T12:44Z","SCBI_022.21.2020-06-01",88,"Y","AMRE","Setophaga ruticilla","species","American Redstart",,"singing","No","Unknown",1,,"DBOLT"
"6bf73a3d-eee4-4f2c-b161-293d407f45df","SCBI_022.basePlot.brd","D02","SCBI","SCBI_022","distributed","21","2020-06-01T12:44Z","SCBI_022.21.2020-06-01",6,"Y","REVI","Vireo olivaceus","species","Red-eyed Vireo",43,"singing","No","Unknown",1,,"DBOLT"
"fb6f4604-f10e-49ec-83df-b29c35a7749b","SCBI_022.basePlot.brd","D02","SCBI","SCBI_022","distributed","21","2020-06-01T12:44Z","SCBI_022.21.2020-06-01",4,"Y","HOWA","Setophaga citrina","species","Hooded Warbler",54,"singing","No","Unknown",1,,"DBOLT"
"36cb0227-2dea-4820-a765-98040b62ef80","SCBI_022.basePlot.brd","D02","SCBI","SCBI_022","distributed","21","2020-06-01T12:44Z","SCBI_022.21.2020-06-01",6,"Y","PIWO","Dryocopus pileatus","species","Pileated Woodpecker",51,"singing","No","Unknown",1,,"DBOLT"
"49c30f98-0263-4db5-9485-b6b357085638","SCBI_022.basePlot.brd","D02","SCBI","SCBI_022","distributed","21","2020-06-01T12:44Z","SCBI_022.21.2020-06-01",3,"Y","RBWO","Melanerpes carolinus","species","Red-bellied Woodpecker",80,"singing","No","Unknown",1,,"DBOLT"
"6df0108a-d2bd-454b-8416-575b39be17dc","SCBI_022.basePlot.brd","D02","SCBI","SCBI_022","distributed","21","2020-06-01T12:44Z","SCBI_022.21.2020-06-01",1,"Y","WOTH","Hylocichla mustelina","species","Wood Thrush",66,"singing","No","Unknown",1,,"DBOLT"
"da1563b8-3f6e-4f39-9e04-10b4776fc2cf","SCBI_022.basePlot.brd","D02","SCBI","SCBI_022","distributed","21","2020-06-01T12:44Z","SCBI_022.21.2020-06-01",4,"Y","EATO","Pipilo erythrophthalmus","species","Eastern Towhee",52,"singing","No","Unknown",1,,"DBOLT"
"c27fa176-f9ad-46ac-8c30-43b7dc798767","SCBI_022.basePlot.brd","D02","SCBI","SCBI_022","distributed","21","2020-06-01T12:44Z","SCBI_022.21.2020-06-01",1,"Y","RBWO","Melanerpes carolinus","species","Red-bellied Woodpecker",35,"singing","No","Unknown",1,,"DBOLT"
"a9106465-9859-442b-a0b9-8753ac0c5f57","SCBI_017.basePlot.brd","D02","SCBI","SCBI_017","distributed","21","2020-06-01T13:09Z","SCBI_017.21.2020-06-01",1,"Y","TUTI","Baeolophus bicolor","species","Tufted Titmouse",70,"calling","No","Unknown",1,,"DBOLT"
"ab4fbe93-8516-4bfc-8f34-cd16bdd826d4","SCBI_017.basePlot.brd","D02","SCBI","SCBI_017","distributed","21","2020-06-01T13:09Z","SCBI_017.21.2020-06-01",1,"Y","SCTA","Piranga olivacea","species","Scarlet Tanager",7,"calling","No","Unknown",1,,"DBOLT"
"894cb172-4138-43bb-a72e-64db5340379b","SCBI_017.basePlot.brd","D02","SCBI","SCBI_017","distributed","21","2020-06-01T13:09Z","SCBI_017.21.2020-06-01",4,"Y","REVI","Vireo olivaceus","species","Red-eyed Vireo",20,"singing","No","Unknown",1,,"DBOLT"
"79816a06-8c21-4bec-8866-c3d5f6787c61","SCBI_017.basePlot.brd","D02","SCBI","SCBI_017","distributed","21","2020-06-01T13:09Z","SCBI_017.21.2020-06-01",5,"Y","RBWO","Melanerpes carolinus","species","Red-bellied Woodpecker",37,"singing","No","Unknown",1,,"DBOLT"
"7252134d-c36b-41a9-86ba-fa03781a5392","SCBI_017.basePlot.brd","D02","SCBI","SCBI_017","distributed","21","2020-06-01T13:09Z","SCBI_017.21.2020-06-01",4,"Y","CARW","Thryothorus ludovicianus","species","Carolina Wren",85,"singing","No","Unknown",1,,"DBOLT"
"011277d3-ef08-4054-a6af-de8ae332071a","SCBI_017.basePlot.brd","D02","SCBI","SCBI_017","distributed","21","2020-06-01T13:09Z","SCBI_017.21.2020-06-01",3,"Y","NOCA","Cardinalis cardinalis","species","Northern Cardinal",25,"calling","No","Unknown",1,,"DBOLT"
"41f406cf-e9c7-48af-b568-0e0c917ba74d","SCBI_017.basePlot.brd","D02","SCBI","SCBI_017","distributed","21","2020-06-01T13:09Z","SCBI_017.21.2020-06-01",2,"Y","BLJA","Cyanocitta cristata","species","Blue Jay",72,"calling","No","Unknown",1,,"DBOLT"
"444cb0e6-afcf-459c-936a-587f0bfd882d","SCBI_017.basePlot.brd","D02","SCBI","SCBI_017","distributed","21","2020-06-01T13:09Z","SCBI_017.21.2020-06-01",6,"Y","PIWO","Dryocopus pileatus","species","Pileated Woodpecker",91,"calling","No","Female",1,,"DBOLT"
"a7a03d5f-e8d7-44c8-a0b9-1f9ebab4b561","SCBI_017.basePlot.brd","D02","SCBI","SCBI_017","distributed","21","2020-06-01T13:09Z","SCBI_017.21.2020-06-01",5,"Y","EAWP","Contopus virens","species","Eastern Wood-Pewee",34,"singing","No","Unknown",1,,"DBOLT"
"d9bc9341-32af-4fab-bb32-ef86d49ff17c","SCBI_017.basePlot.brd","D02","SCBI","SCBI_017","distributed","21","2020-06-01T13:09Z","SCBI_017.21.2020-06-01",2,"Y","NOCA","Cardinalis cardinalis","species","Northern Cardinal",38,"singing","No","Unknown",1,,"DBOLT"
"1909a7ec-3560-4a6c-8fac-5f7cd914110e","SCBI_017.basePlot.brd","D02","SCBI","SCBI_017","distributed","21","2020-06-01T13:09Z","SCBI_017.21.2020-06-01",1,"Y","WBNU","Sitta carolinensis","species","White-breasted Nuthatch",40,"calling","No","Unknown",1,,"DBOLT"
"12bf047f-c28a-4e85-a817-8ec563fd5680","SCBI_017.basePlot.brd","D02","SCBI","SCBI_017","distributed","21","2020-06-01T13:09Z","SCBI_017.21.2020-06-01",4,"Y","BLVU","Coragyps atratus","species","Black Vulture",90,"visual","Yes","Unknown",1,,"DBOLT"
"890a48f1-c265-45b8-96ae-3adeddd97e14","SCBI_002.basePlot.brd","D02","SCBI","SCBI_002","distributed","21","2020-06-02T10:39Z","SCBI_002.21.2020-06-02",2,"Y","ACFL","Empidonax virescens","species","Acadian Flycatcher",40,"singing","No","Unknown",1,,"DBOLT"
"7719d79d-2c83-4b7b-95d6-1503139a8481","SCBI_002.basePlot.brd","D02","SCBI","SCBI_002","distributed","21","2020-06-02T10:39Z","SCBI_002.21.2020-06-02",6,"Y","WOTH","Hylocichla mustelina","species","Wood Thrush",74,"singing","No","Unknown",1,,"DBOLT"
"8ad2a575-e65b-4973-a8d8-c216b133f48e","SCBI_002.basePlot.brd","D02","SCBI","SCBI_002","distributed","21","2020-06-02T10:39Z","SCBI_002.21.2020-06-02",3,"N",,,,,,,,,,,"DBOLT"
"6a5fdc28-05e4-4666-b181-71afbf6facc0","SCBI_002.basePlot.brd","D02","SCBI","SCBI_002","distributed","21","2020-06-02T10:39Z","SCBI_002.21.2020-06-02",1,"Y","WOTH","Hylocichla mustelina","species","Wood Thrush",33,"singing","No","Unknown",1,,"DBOLT"
"2f21e311-574c-472c-9afb-0bdee0feadf8","SCBI_002.basePlot.brd","D02","SCBI","SCBI_002","distributed","21","2020-06-02T10:39Z","SCBI_002.21.2020-06-02",88,"Y","WBNU","Sitta carolinensis","species","White-breasted Nuthatch",,"calling","No","Unknown",1,,"DBOLT"
"ea053be8-265a-4c98-9d90-1a875945f982","SCBI_002.basePlot.brd","D02","SCBI","SCBI_002","distributed","21","2020-06-02T10:39Z","SCBI_002.21.2020-06-02",1,"Y","WOTH","Hylocichla mustelina","species","Wood Thrush",52,"singing","No","Unknown",1,,"DBOLT"
"888b9d20-b7d0-47b9-be91-89a34d56c4ec","SCBI_002.basePlot.brd","D02","SCBI","SCBI_002","distributed","21","2020-06-02T10:39Z","SCBI_002.21.2020-06-02",4,"Y","CARW","Thryothorus ludovicianus","species","Carolina Wren",52,"calling","No","Unknown",1,,"DBOLT"
"8dd35d78-2c90-4c94-96fd-e74cbb1df3d5","SCBI_002.basePlot.brd","D02","SCBI","SCBI_002","distributed","21","2020-06-02T10:39Z","SCBI_002.21.2020-06-02",6,"Y","OVEN","Seiurus aurocapilla","species","Ovenbird",76,"singing","No","Unknown",1,,"DBOLT"
"dc4b80bb-eb51-498c-b65b-083c38ed0806","SCBI_002.basePlot.brd","D02","SCBI","SCBI_002","distributed","21","2020-06-02T10:39Z","SCBI_002.21.2020-06-02",2,"Y","EAWP","Contopus virens","species","Eastern Wood-Pewee",52,"singing","No","Unknown",1,,"DBOLT"
"e7f4271c-5643-4111-8b5f-db671c9ea30e","SCBI_002.basePlot.brd","D02","SCBI","SCBI_002","distributed","21","2020-06-02T10:39Z","SCBI_002.21.2020-06-02",5,"Y","CARW","Thryothorus ludovicianus","species","Carolina Wren",64,"calling","No","Unknown",1,,"DBOLT"
"4ba0f7b6-2736-4ad9-b0ab-1564e704eb2d","SCBI_002.basePlot.brd","D02","SCBI","SCBI_002","distributed","21","2020-06-02T10:39Z","SCBI_002.21.2020-06-02",1,"Y","TUTI","Baeolophus bicolor","species","Tufted Titmouse",70,"calling","No","Unknown",1,,"DBOLT"
"49128d0f-e78f-49c0-b199-5b49b85a6070","SCBI_002.basePlot.brd","D02","SCBI","SCBI_002","distributed","21","2020-06-02T10:39Z","SCBI_002.21.2020-06-02",88,"Y","RBWO","Melanerpes carolinus","species","Red-bellied Woodpecker",,"calling","No","Unknown",1,,"DBOLT"
"dd7c0529-4a22-478d-b049-f669699d1d10","SCBI_002.basePlot.brd","D02","SCBI","SCBI_002","distributed","21","2020-06-02T10:39Z","SCBI_002.21.2020-06-02",4,"Y","NOFL","Colaptes auratus","species","Northern Flicker",63,"calling","No","Unknown",1,,"DBOLT"
"7e68042b-1b70-46c3-80e5-698f353b97ba","SCBI_002.basePlot.brd","D02","SCBI","SCBI_002","distributed","21","2020-06-02T10:39Z","SCBI_002.21.2020-06-02",88,"Y","GCFL","Myiarchus crinitus","species","Great Crested Flycatcher",,"singing","No","Unknown",1,,"DBOLT"
"5e8e0fc5-dc43-40a2-bf94-661f08c4573c","SCBI_002.basePlot.brd","D02","SCBI","SCBI_002","distributed","21","2020-06-02T10:39Z","SCBI_002.21.2020-06-02",1,"Y","SCTA","Piranga olivacea","species","Scarlet Tanager",46,"singing","No","Unknown",1,,"DBOLT"
"9fa0003f-06fe-4a5d-96e1-9ab156b4161d","SCBI_011.basePlot.brd","D02","SCBI","SCBI_011","distributed","21","2020-06-02T11:22Z","SCBI_011.21.2020-06-02",1,"Y","TUTI","Baeolophus bicolor","species","Tufted Titmouse",42,"calling","No","Unknown",1,,"DBOLT"
"0ee4699a-db0a-408a-8b25-75eb0804b15e","SCBI_011.basePlot.brd","D02","SCBI","SCBI_011","distributed","21","2020-06-02T11:22Z","SCBI_011.21.2020-06-02",6,"Y","SCTA","Piranga olivacea","species","Scarlet Tanager",65,"singing","No","Unknown",1,,"DBOLT"
"f928626d-58c6-4420-b6a4-1fe66d770abd","SCBI_011.basePlot.brd","D02","SCBI","SCBI_011","distributed","21","2020-06-02T11:22Z","SCBI_011.21.2020-06-02",6,"Y","YBCU","Coccyzus americanus","species","Yellow-billed Cuckoo",57,"calling","No","Unknown",1,,"DBOLT"
"d066f248-82b2-4051-a17a-890a6f705718","SCBI_011.basePlot.brd","D02","SCBI","SCBI_011","distributed","21","2020-06-02T11:22Z","SCBI_011.21.2020-06-02",6,"Y","AMCR","Corvus brachyrhynchos","species","American Crow",250,"calling","No","Unknown",1,,"DBOLT"
"919143e0-c3ed-4ea2-90ca-63dd62b5b9ef","SCBI_011.basePlot.brd","D02","SCBI","SCBI_011","distributed","21","2020-06-02T11:22Z","SCBI_011.21.2020-06-02",1,"Y","ACFL","Empidonax virescens","species","Acadian Flycatcher",25,"singing","No","Unknown",1,,"DBOLT"
"c2e9725c-308f-40be-9d62-73580fad9e81","SCBI_011.basePlot.brd","D02","SCBI","SCBI_011","distributed","21","2020-06-02T11:22Z","SCBI_011.21.2020-06-02",1,"Y","EAWP","Contopus virens","species","Eastern Wood-Pewee",47,"singing","No","Unknown",1,,"DBOLT"
"4a5a5816-3d4a-40fd-82bb-79d19791aa0b","SCBI_011.basePlot.brd","D02","SCBI","SCBI_011","distributed","21","2020-06-02T11:22Z","SCBI_011.21.2020-06-02",2,"N",,,,,,,,,,,"DBOLT"
"e627c6b3-3fd9-4e96-a309-41365628dbaa","SCBI_011.basePlot.brd","D02","SCBI","SCBI_011","distributed","21","2020-06-02T11:22Z","SCBI_011.21.2020-06-02",88,"Y","CORA","Corvus corax","species","Common Raven",,"calling","No","Unknown",1,,"DBOLT"
"617f6462-c61f-428e-aff4-15e7249136ce","SCBI_011.basePlot.brd","D02","SCBI","SCBI_011","distributed","21","2020-06-02T11:22Z","SCBI_011.21.2020-06-02",1,"Y","REVI","Vireo olivaceus","species","Red-eyed Vireo",40,"singing","No","Unknown",1,,"DBOLT"
"2a0e6145-8edd-4de7-a8e3-76053ba40452","SCBI_011.basePlot.brd","D02","SCBI","SCBI_011","distributed","21","2020-06-02T11:22Z","SCBI_011.21.2020-06-02",4,"N",,,,,,,,,,,"DBOLT"
"085a83b7-977a-417b-be1d-c978ff66ac97","SCBI_011.basePlot.brd","D02","SCBI","SCBI_011","distributed","21","2020-06-02T11:22Z","SCBI_011.21.2020-06-02",88,"Y","PIWO","Dryocopus pileatus","species","Pileated Woodpecker",,"singing","No","Unknown",1,,"DBOLT"
"26911e52-2f70-457d-997f-34d4e9ae997d","SCBI_011.basePlot.brd","D02","SCBI","SCBI_011","distributed","21","2020-06-02T11:22Z","SCBI_011.21.2020-06-02",5,"Y","CARW","Thryothorus ludovicianus","species","Carolina Wren",93,"singing","No","Unknown",1,,"DBOLT"
"a152806f-e2d4-464a-a630-cbf2a7c0063c","SCBI_011.basePlot.brd","D02","SCBI","SCBI_011","distributed","21","2020-06-02T11:22Z","SCBI_011.21.2020-06-02",3,"Y","NOCA","Cardinalis cardinalis","species","Northern Cardinal",63,"singing","No","Unknown",1,,"DBOLT"
"e36c0034-bf29-48f7-9a50-13ce5b91193d","SCBI_007.basePlot.brd","D02","SCBI","SCBI_007","distributed","21","2020-06-02T12:13Z","SCBI_007.21.2020-06-02",5,"Y","CARW","Thryothorus ludovicianus","species","Carolina Wren",42,"singing","No","Unknown",1,,"DBOLT"
"2dcc815a-0265-49ea-a042-543d53cfb0b4","SCBI_007.basePlot.brd","D02","SCBI","SCBI_007","distributed","21","2020-06-02T12:13Z","SCBI_007.21.2020-06-02",1,"Y","WOTH","Hylocichla mustelina","species","Wood Thrush",80,"singing","No","Unknown",1,,"DBOLT"
"76afa8a0-7e9d-49e2-ab70-0cfa3edbecc7","SCBI_007.basePlot.brd","D02","SCBI","SCBI_007","distributed","21","2020-06-02T12:13Z","SCBI_007.21.2020-06-02",1,"Y","DOWO","Picoides pubescens","species","Downy Woodpecker",15,"calling","No","Unknown",1,,"DBOLT"
"607d02fd-883a-438f-96c5-e91e3e0ff90e","SCBI_007.basePlot.brd","D02","SCBI","SCBI_007","distributed","21","2020-06-02T12:13Z","SCBI_007.21.2020-06-02",3,"Y","TUTI","Baeolophus bicolor","species","Tufted Titmouse",85,"calling","No","Unknown",1,,"DBOLT"
"61390605-e355-4f45-8b9f-75ebab6f23f4","SCBI_007.basePlot.brd","D02","SCBI","SCBI_007","distributed","21","2020-06-02T12:13Z","SCBI_007.21.2020-06-02",4,"N",,,,,,,,,,,"DBOLT"
"e872188f-6ab1-49e4-94ba-3b9e04983b5f","SCBI_007.basePlot.brd","D02","SCBI","SCBI_007","distributed","21","2020-06-02T12:13Z","SCBI_007.21.2020-06-02",88,"Y","CERW","Setophaga cerulea","species","Cerulean Warbler",,"singing","No","Unknown",1,,"DBOLT"
"79e6fa72-0c2d-4b22-b746-e5a7d61a3db9","SCBI_007.basePlot.brd","D02","SCBI","SCBI_007","distributed","21","2020-06-02T12:13Z","SCBI_007.21.2020-06-02",6,"Y","WEWA","Helmitheros vermivorum","species","Worm-eating Warbler",56,"singing","No","Unknown",1,,"DBOLT"
"c9b72ab1-96bc-40d6-907e-9ce7f6c1577f","SCBI_007.basePlot.brd","D02","SCBI","SCBI_007","distributed","21","2020-06-02T12:13Z","SCBI_007.21.2020-06-02",3,"Y","NOFL","Colaptes auratus","species","Northern Flicker",81,"singing","No","Unknown",1,,"DBOLT"
"549d974b-a836-43bb-88c8-1a9619b7ceab","SCBI_007.basePlot.brd","D02","SCBI","SCBI_007","distributed","21","2020-06-02T12:13Z","SCBI_007.21.2020-06-02",88,"Y","YTVI","Vireo flavifrons","species","Yellow-throated Vireo",,"singing","No","Unknown",1,,"DBOLT"
"3eced596-12e1-4466-b365-1ba60f7e8706","SCBI_007.basePlot.brd","D02","SCBI","SCBI_007","distributed","21","2020-06-02T12:13Z","SCBI_007.21.2020-06-02",2,"Y","EAWP","Contopus virens","species","Eastern Wood-Pewee",42,"singing","No","Unknown",1,,"DBOLT"
"d613927c-916e-40b9-bcdb-7424d2d65a98","SCBI_007.basePlot.brd","D02","SCBI","SCBI_007","distributed","21","2020-06-02T12:13Z","SCBI_007.21.2020-06-02",3,"Y","CARW","Thryothorus ludovicianus","species","Carolina Wren",70,"singing","No","Unknown",1,,"DBOLT"
"511b0cca-35a3-47ad-9982-4e78a3d9d539","SCBI_007.basePlot.brd","D02","SCBI","SCBI_007","distributed","21","2020-06-02T12:13Z","SCBI_007.21.2020-06-02",1,"Y","HOWA","Setophaga citrina","species","Hooded Warbler",7,"calling","No","Unknown",1,,"DBOLT"
"3b8bfc55-64ae-43a5-9ef4-93b1c3e36be5","SCBI_007.basePlot.brd","D02","SCBI","SCBI_007","distributed","21","2020-06-02T12:13Z","SCBI_007.21.2020-06-02",3,"Y","EATO","Pipilo erythrophthalmus","species","Eastern Towhee",34,"calling","No","Unknown",1,,"DBOLT"
"11dd9b62-b0fa-421c-8151-d85b05e116c0","SCBI_007.basePlot.brd","D02","SCBI","SCBI_007","distributed","21","2020-06-02T12:13Z","SCBI_007.21.2020-06-02",88,"Y","BRTH","Toxostoma rufum","species","Brown Thrasher",,"singing","No","Unknown",1,,"DBOLT"
"c6b5211c-15b9-452f-99a6-62b6ad99f750","SCBI_007.basePlot.brd","D02","SCBI","SCBI_007","distributed","21","2020-06-02T12:13Z","SCBI_007.21.2020-06-02",1,"Y","ACFL","Empidonax virescens","species","Acadian Flycatcher",28,"singing","Yes","Unknown",1,,"DBOLT"
"415e555c-4c27-4162-a3cc-b8237d6b7f5a","SCBI_007.basePlot.brd","D02","SCBI","SCBI_007","distributed","21","2020-06-02T12:13Z","SCBI_007.21.2020-06-02",6,"Y","AMCR","Corvus brachyrhynchos","species","American Crow",97,"calling","No","Unknown",1,,"DBOLT"
"9a59666c-aeae-488e-b7c6-d38c7bbb8719","SCBI_007.basePlot.brd","D02","SCBI","SCBI_007","distributed","21","2020-06-02T12:13Z","SCBI_007.21.2020-06-02",6,"Y","KEWA","Geothlypis formosa","species","Kentucky Warbler",42,"singing","No","Unknown",1,,"DBOLT"
